FFI61610517 Braefoot Elementary                     20200707kleahy@sd61.bc.ca                                                                                   2504779616School Contact
SRMA2210       O'Hara                   Delphine                 DelphineII               O'Hara                   Delphine                 DelphineII               36885   M                07                          V8N1A2
SRMA9636       Doyle                    Rey                      ReyIV                    Doyle                    Rey                      ReyIV                    38216   F                04                          V8N1H4
SRMA2142       Sawayn                   Aditya                   AdityaJr.                Sawayn                   Aditya                   AdityaJr.                39132   F                06                          V8N0A6
SRMA9299       Schaden                  Vena                     VenaSr.                  Schaden                  Vena                     VenaSr.                  37669   F                11                          V8N1B7
SRMA5604       Wiegand                  Dagmar                   DagmarIII                Wiegand                  Dagmar                   DagmarIII                41987   M                09                          V8N1C8
SRMA3937       Barton                   Domenick                 DomenickMD               Barton                   Domenick                 DomenickMD               38147   F                06                          V8N1H2
SRMA1980       Dibbert                  Emory                    EmoryI                   Dibbert                  Emory                    EmoryI                   36022   M                07                          V8N1G1
SRMA5015       Buckridge                Annamarie                AnnamarieJr.             Buckridge                Annamarie                AnnamarieJr.             37988   M                05                          V8N0B6
SRMA1463       Lind                     Furman                   FurmanII                 Lind                     Furman                   FurmanII                 35880   F                09                          V8N0A7
SRMA5027       Rowe                     Benton                   BentonDDS                Rowe                     Benton                   BentonDDS                38595   M                07                          V8N1C8
SRMA3825       Beer                     Nikolas                  NikolasV                 Beer                     Nikolas                  NikolasV                 34930   F                09                          V8N1K3
SRMA5803       Schaefer                 Daryl                    DarylIII                 Schaefer                 Daryl                    DarylIII                 35609   M                04                          V8N1H4
SRMA5768       Grant                    Claud                    ClaudV                   Grant                    Claud                    ClaudV                   37124   F                03                          V8N1E6
SRMA5149       Crona                    Trey                     TreyDVM                  Crona                    Trey                     TreyDVM                  39786   M                06                          V8N0A7
SRMA2584       Shanahan                 Jerad                    JeradIV                  Shanahan                 Jerad                    JeradIV                  41140   F                10                          V8N1C8
SRMA6601       Haag                     Sincere                  SincereJr.               Haag                     Sincere                  SincereJr.               36541   F                07                          V8N1G9
SRMA2233       Fay                      Jadon                    JadonIII                 Fay                      Jadon                    JadonIII                 38030   M                07                          V8N1A3
SRMA4067       Schmitt                  Julianne                 JulianneDDS              Schmitt                  Julianne                 JulianneDDS              36590   F                02                          V8N1J4
SRMA9468       Nolan                    Herminia                 HerminiaDVM              Nolan                    Herminia                 HerminiaDVM              35517   F                04                          V8N0A9
SRMA8717       Kulas                    Davin                    DavinIV                  Kulas                    Davin                    DavinIV                  40080   F                12                          V8N1G5
SRMA5995       Cummings                 Isidro                   IsidroMD                 Cummings                 Isidro                   IsidroMD                 38025   M                04                          V8N0B7
SRMA1789       Becker                   Abbey                    AbbeyPhD                 Becker                   Abbey                    AbbeyPhD                 41638   F                08                          V8N0B3
SRMA2728       Fahey                    Jeanette                 JeanetteDVM              Fahey                    Jeanette                 JeanetteDVM              40580   M                02                          V8N1H1
SRMA6123       Hintz                    Treva                    TrevaIV                  Hintz                    Treva                    TrevaIV                  35177   F                03                          V8N1J3
SRMA3929       Maggio                   Desmond                  DesmondDVM               Maggio                   Desmond                  DesmondDVM               40420   M                10                          V8N1J7
SRMA9171       Daniel                   Sadye                    SadyeI                   Daniel                   Sadye                    SadyeI                   39647   M                03                          V8N1G3
SRMA1781       Brekke                   Johnny                   JohnnyJr.                Brekke                   Johnny                   JohnnyJr.                40959   F                11                          V8N1H6
SRMA7670       Altenwerth               Marina                   MarinaPhD                Altenwerth               Marina                   MarinaPhD                35338   F                12                          V8N1J6
SRMA7168       Stiedemann               Lucio                    LucioIII                 Stiedemann               Lucio                    LucioIII                 40844   M                03                          V8N1C5
SRMA1022       Roberts                  Flossie                  FlossieSr.               Roberts                  Flossie                  FlossieSr.               35666   M                03                          V8N1J2
SRMA6423       Lubowitz                 Yasmine                  YasminePhD               Lubowitz                 Yasmine                  YasminePhD               36899   M                02                          V8N0A2
SRMA3235       Hoppe                    Arnoldo                  ArnoldoV                 Hoppe                    Arnoldo                  ArnoldoV                 36140   M                07                          V8N1B9
SRMA3756       Ortiz                    Andrew                   AndrewIV                 Ortiz                    Andrew                   AndrewIV                 41069   M                01                          V8N1J8
SRMA1045       O'Reilly                 Liza                     LizaIV                   O'Reilly                 Liza                     LizaIV                   34867   M                02                          V8N1E2
SRMA7070       Lowe                     Corene                   CoreneDVM                Lowe                     Corene                   CoreneDVM                39144   F                07                          V8N1A5
SRMA8379       Wolff                    Everette                 EveretteIII              Wolff                    Everette                 EveretteIII              36527   M                03                          V8N1G4
SRMA9810       Bradtke                  Patience                 PatienceMD               Bradtke                  Patience                 PatienceMD               41428   M                09                          V8N1G1
SRMA6062       Ullrich                  Colleen                  ColleenMD                Ullrich                  Colleen                  ColleenMD                39149   M                08                          V8N0A2
SRMA9828       Walker                   Taya                     TayaIII                  Walker                   Taya                     TayaIII                  35300   F                10                          V8N1B3
SRMA4117       Breitenberg              Danielle                 DanielleV                Breitenberg              Danielle                 DanielleV                37217   M                07                          V8N1C4
SRMA5283       Schaefer                 Darien                   DarienJr.                Schaefer                 Darien                   DarienJr.                41366   F                09                          V8N1E8
SRMA5795       Hilll                    Gilda                    GildaII                  Hilll                    Gilda                    GildaII                  40769   F                05                          V8N0B3
SRMA2420       Mosciski                 Margarita                MargaritaI               Mosciski                 Margarita                MargaritaI               38799   M                08                          V8N1G5
SRMA4616       Champlin                 Daniella                 DaniellaIII              Champlin                 Daniella                 DaniellaIII              41574   M                06                          V8N0A3
SRMA5115       Huel                     Hillary                  HillaryI                 Huel                     Hillary                  HillaryI                 41953   M                03                          V8N1B6
SRMA8771       Hagenes                  Sierra                   SierraMD                 Hagenes                  Sierra                   SierraMD                 41422   F                11                          V8N1E9
SRMA9727       Dickinson                Kyler                    KylerDDS                 Dickinson                Kyler                    KylerDDS                 41362   M                10                          V8N0B6
SRMA6541       Prohaska                 Napoleon                 NapoleonII               Prohaska                 Napoleon                 NapoleonII               37358   M                08                          V8N1E6
SRMA5618       Bosco                    Emanuel                  EmanuelDDS               Bosco                    Emanuel                  EmanuelDDS               37698   M                10                          V8N1B7
SRMA4230       Hettinger                Alisha                   AlishaV                  Hettinger                Alisha                   AlishaV                  38912   M                02                          V8N1H9
SRMA8071       Sanford                  Jerod                    JerodJr.                 Sanford                  Jerod                    JerodJr.                 41438   F                11                          V8N1E6
SRMA9112       McKenzie                 Euna                     EunaMD                   McKenzie                 Euna                     EunaMD                   38759   F                10                          V8N1K1
SRMA9821       O'Hara                   Amani                    AmaniDVM                 O'Hara                   Amani                    AmaniDVM                 40081   M                03                          V8N1K2
SRMA3998       Erdman                   Tina                     TinaV                    Erdman                   Tina                     TinaV                    40410   F                04                          V8N1A6
SRMA7309       Powlowski                Monica                   MonicaI                  Powlowski                Monica                   MonicaI                  36490   M                01                          V8N1G7
SRMA7658       Willms                   Name                     NameDDS                  Willms                   Name                     NameDDS                  40327   F                10                          V8N1J3
SRMA9645       Mohr                     Raphael                  RaphaelIV                Mohr                     Raphael                  RaphaelIV                36774   F                04                          V8N1E9
SRMA1144       Feeney                   Stacey                   StaceySr.                Feeney                   Stacey                   StaceySr.                39922   F                11                          V8N1E1
SRMA8902       Feest                    Hazel                    HazelIII                 Feest                    Hazel                    HazelIII                 35600   F                11                          V8N1E1
SRMA1869       Labadie                  Evangeline               EvangelineIII            Labadie                  Evangeline               EvangelineIII            39715   M                09                          V8N1A1
SRMA1248       Lebsack                  Jazmin                   JazminIV                 Lebsack                  Jazmin                   JazminIV                 34857   M                06                          V8N1E4
SRMA7644       Larson                   Seamus                   SeamusDVM                Larson                   Seamus                   SeamusDVM                39276   F                11                          V8N1E4
SRMA8610       Champlin                 Jovani                   JovaniII                 Champlin                 Jovani                   JovaniII                 36562   M                05                          V8N1H8
SRMA8193       Schroeder                Christop                 ChristopIII              Schroeder                Christop                 ChristopIII              37799   M                01                          V8N1C8
SRMA9692       Mitchell                 Theodora                 TheodoraJr.              Mitchell                 Theodora                 TheodoraJr.              37256   F                04                          V8N1E3
SRMA5757       Abshire                  Alessia                  AlessiaV                 Abshire                  Alessia                  AlessiaV                 34779   M                06                          V8N0A4
SRMA5853       Kuhic                    Maurice                  MauriceIII               Kuhic                    Maurice                  MauriceIII               41183   M                09                          V8N1G7
SRMA5160       Fisher                   Alfred                   AlfredIV                 Fisher                   Alfred                   AlfredIV                 40544   M                09                          V8N1H9
SRMA7918       Ratke                    Loren                    LorenDDS                 Ratke                    Loren                    LorenDDS                 41181   F                04                          V8N1K4
SRMA1857       Will                     Rosalinda                RosalindaJr.             Will                     Rosalinda                RosalindaJr.             38291   M                08                          V8N1J9
SRMA3792       Mills                    Anais                    AnaisIII                 Mills                    Anais                    AnaisIII                 38319   F                11                          V8N1H8
SRMA9202       O'Connell                Tressa                   TressaV                  O'Connell                Tressa                   TressaV                  38759   F                11                          V8N0B5
SRMA5955       Haley                    Lowell                   LowellSr.                Haley                    Lowell                   LowellSr.                38065   M                04                          V8N1J7
SRMA5874       Gaylord                  Idell                    IdellII                  Gaylord                  Idell                    IdellII                  36137   M                01                          V8N1B4
SRMA9123       Nolan                    Donna                    DonnaMD                  Nolan                    Donna                    DonnaMD                  41646   M                03                          V8N1E2
SRMA5426       Pfeffer                  Geovany                  GeovanyMD                Pfeffer                  Geovany                  GeovanyMD                38252   M                02                          V8N0A6
SRMA3613       Dach                     Marcus                   MarcusSr.                Dach                     Marcus                   MarcusSr.                35941   F                10                          V8N1K3
SRMA6747       Williamson               Makenzie                 MakenzieMD               Williamson               Makenzie                 MakenzieMD               38002   M                04                          V8N1H1
SRMA5784       Blick                    Erick                    ErickMD                  Blick                    Erick                    ErickMD                  35761   F                12                          V8N1H9
SRMA6741       Ledner                   Ray                      RayPhD                   Ledner                   Ray                      RayPhD                   35914   M                03                          V8N1C6
SRMA1493       Bergstrom                Rachel                   RachelIV                 Bergstrom                Rachel                   RachelIV                 35464   F                03                          V8N1E9
SRMA4732       Luettgen                 Vicente                  VicentePhD               Luettgen                 Vicente                  VicentePhD               38342   M                02                          V8N0B3
SRMA5417       Johns                    Brayan                   BrayanV                  Johns                    Brayan                   BrayanV                  37874   M                12                          V8N1H6
SRMA5932       Turner                   Aracely                  AracelySr.               Turner                   Aracely                  AracelySr.               41168   M                02                          V8N1H6
SRMA9636       Glover                   Flossie                  FlossieIII               Glover                   Flossie                  FlossieIII               38589   M                02                          V8N1J8
SRMA7929       Will                     Sasha                    SashaSr.                 Will                     Sasha                    SashaSr.                 36275   M                03                          V8N1J2
SRMA9742       Grady                    Giovanna                 GiovannaJr.              Grady                    Giovanna                 GiovannaJr.              36570   F                06                          V8N1J2
SRMA7790       Bartell                  Sheldon                  SheldonI                 Bartell                  Sheldon                  SheldonI                 36176   M                04                          V8N1B8
SRMA6767       Cormier                  Edward                   EdwardDDS                Cormier                  Edward                   EdwardDDS                35948   M                07                          V8N1G9
SRMA4882       Schultz                  Sabina                   SabinaDVM                Schultz                  Sabina                   SabinaDVM                36834   M                03                          V8N1H6
SRMA2097       Feil                     Laisha                   LaishaSr.                Feil                     Laisha                   LaishaSr.                37552   F                08                          V8N1J4
SRMA4273       Beier                    Blanca                   BlancaMD                 Beier                    Blanca                   BlancaMD                 39953   M                05                          V8N1H1
SRMA8713       West                     Zander                   ZanderDVM                West                     Zander                   ZanderDVM                38676   M                11                          V8N0A2
SRMA2139       Hermann                  Rubye                    RubyeIV                  Hermann                  Rubye                    RubyeIV                  38940   M                09                          V8N1A6
SRMA2263       Volkman                  Declan                   DeclanII                 Volkman                  Declan                   DeclanII                 39270   F                12                          V8N1G2
SRMA4188       Jacobi                   Gwendolyn                GwendolynI               Jacobi                   Gwendolyn                GwendolynI               36105   M                03                          V8N0A2
SRMA2360       Mills                    Jacques                  JacquesDDS               Mills                    Jacques                  JacquesDDS               38086   F                01                          V8N1E3
SRMA9743       Nader                    Joannie                  JoannieIV                Nader                    Joannie                  JoannieIV                39616   F                09                          V8N0A3
SRMA7355       Smitham                  Harmony                  HarmonyPhD               Smitham                  Harmony                  HarmonyPhD               41195   M                08                          V8N1A8
SRMA3177       Simonis                  Herminio                 HerminioI                Simonis                  Herminio                 HerminioI                35644   M                01                          V8N0B7
BTR000100Vendor Name                                                                                         Product Name                                                                                        Product ID     